images,x1,y1,x2,y2
image_0001.png,56.2661,136.0068,80.5242,379.3017
image_0002.png,59.3362,138.1957,25.8776,375.0606
image_0003.png,47.7207,146.5673,78.746,382.3013
image_0004.png,51.6681,138.8242,29.4044,374.5491
image_0005.png,60.9035,149.9866,66.3302,370.6554
image_0006.png,54.2804,148.5023,34.7785,367.9413
image_0007.png,58.5102,139.8865,76.7573,361.8576
image_0008.png,56.83,141.801,35.5113,363.9629
image_0009.png,52.9999,119.8953,75.3925,365.9296
image_0010.png,66.0263,119.7599,35.8415,380.4406
image_0011.png,54.6992,149.8506,74.33,378.2077
image_0012.png,66.8983,155.612,30.877,378.1895
image_0013.png,55.9321,123.1075,80.8149,381.3868
image_0014.png,58.3854,124.3353,35.5247,382.4275
image_0015.png,78.6198,126.1686,75.1134,382.6484
image_0016.png,58.2839,125.0652,19.9752,380.5944
image_0017.png,54.8008,129.1191,83.0834,364.4158
image_0018.png,57.4037,130.5488,30.8724,381.5359
image_0019.png,53.9091,136.5621,75.5924,380.6549
image_0020.png,60.0372,136.781,34.744,382.0534
image_0021.png,51.9296,139.7773,76.452,380.2059
image_0022.png,60.8062,137.3647,36.4464,383.0999
image_0023.png,55.7139,145.8068,82.824,368.5823
image_0024.png,57.7759,138.2064,31.9122,381.8359
image_0025.png,58.2035,137.1755,74.9973,382.6196
image_0026.png,67.4621,130.993,20.4729,382.4461
image_0027.png,52.4139,133.3318,72.5023,382.3632
image_0028.png,57.834,128.0017,35.3031,377.9713
image_0029.png,52.4418,141.0209,74.2663,363.9413
image_0030.png,61.0617,137.309,40.0789,380.8858
image_0031.png,55.5924,116.8174,79.4924,381.0751
image_0032.png,59.9122,120.0977,31.8086,382.5535
image_0033.png,59.1323,133.4609,28.5796,381.0147
image_0034.png,54.1074,125.9806,78.1397,375.618
image_0035.png,53.8733,105.4091,82.8306,380.9453
image_0036.png,56.3483,113.9736,23.9401,379.6028
image_0037.png,54.4833,128.7843,79.832,381.6568
image_0038.png,60.6436,132.6926,23.2,380.9342
image_0039.png,55.911,141.105,73.4507,368.5826
image_0040.png,59.1497,141.6447,33.5054,367.659
image_0041.png,56.7625,143.3221,73.4657,381.5232
image_0042.png,58.6396,145.9196,36.3629,378.8293
image_0043.png,54.5599,121.5371,77.5135,382.0163
image_0044.png,60.661,122.1547,31.8623,381.5084
image_0045.png,57.1447,131.8407,70.1573,367.7134
image_0046.png,56.0307,126.9493,36.3956,366.0223
image_0047.png,59.6951,136.7561,82.3545,382.8071
image_0048.png,60.1105,133.3757,29.7095,380.3582
image_0049.png,48.8236,150.3611,76.9095,383.7918
image_0050.png,53.7496,151.7531,33.3139,382.9069
image_0051.png,55.8545,135.976,61.9964,365.257
image_0052.png,59.159,141.8286,39.285,349.5192
image_0053.png,53.9324,115.6187,79.4911,383.1986
image_0054.png,55.5354,116.5513,33.034,382.5301
image_0055.png,55.1121,136.4649,79.4845,374.1899
image_0056.png,58.2093,128.4665,31.9658,366.3494
image_0057.png,51.9793,119.7683,79.1789,383.0215
image_0058.png,63.6202,113.937,31.6763,381.5315
image_0059.png,54.0452,123.2751,78.9425,381.0688
image_0060.png,60.7512,114.7357,37.561,377.5448
image_0061.png,57.2324,101.8465,92.5937,362.9567
image_0062.png,55.5994,103.0188,31.445,377.3199
image_0063.png,60.3584,137.8393,80.8803,380.8893
image_0064.png,54.3015,138.3621,28.8343,382.7939
image_0065.png,57.1675,122.1019,76.79,368.0823
image_0066.png,38.2309,134.8656,31.2686,368.2301
image_0067.png,50.8494,155.2505,84.2557,383.0838
image_0068.png,52.5047,153.1446,29.6803,381.2281
image_0069.png,54.795,161.8476,77.041,382.6726
image_0070.png,54.1772,172.2011,31.9941,368.1471
image_0071.png,54.8277,120.0293,81.0872,383.16
image_0072.png,60.3127,122.5608,26.7431,381.9135
image_0073.png,47.0795,87.2666,82.9878,382.7167
image_0074.png,56.057,111.7578,25.8284,382.0031
image_0075.png,50.518,119.5432,79.8549,381.6032
image_0076.png,63.4691,121.9127,26.7272,382.9068
image_0077.png,56.3764,140.8365,70.8718,365.406
image_0078.png,56.9246,138.1193,41.3941,359.8279
image_0079.png,55.4809,115.2775,84.3168,381.8733
image_0080.png,57.5041,112.6234,30.2842,382.0822
image_0081.png,54.2734,128.5876,73.4915,366.4322
image_0082.png,56.045,125.1953,20.8922,378.7234
image_0083.png,57.3595,117.7473,79.5976,383.4087
image_0084.png,56.7195,129.1043,32.5603,382.7424
image_0085.png,51.1075,126.8487,78.2788,381.1024
image_0086.png,60.5381,121.5722,21.4963,378.6827
image_0087.png,55.5166,123.1125,75.3693,381.403
image_0088.png,56.7053,107.6613,45.1546,378.805
image_0089.png,57.0438,135.5337,71.5134,367.4909
image_0090.png,58.2712,123.3533,35.8766,366.9726
image_0091.png,53.4261,163.7081,84.0426,382.9477
image_0092.png,58.2398,175.7442,31.4117,376.9776
image_0093.png,57.7729,121.1253,70.6395,381.2553
image_0094.png,59.928,122.4101,34.3134,380.7569
image_0095.png,57.3759,168.6401,81.2996,382.5596
image_0096.png,57.5505,174.9989,30.8136,381.5271
image_0097.png,56.3981,123.0184,78.9373,381.9172
image_0098.png,56.1752,132.6603,36.9489,380.5825
image_0099.png,52.2177,114.4903,73.0593,363.2425
image_0100.png,58.8008,115.4088,29.7924,367.4066
image_0101.png,60.4047,144.5232,82.4449,382.7704
image_0102.png,55.1339,142.0605,34.5491,382.432
image_0103.png,57.6925,146.9708,77.6917,379.5451
image_0104.png,59.9047,141.579,33.0489,382.0025
image_0105.png,57.295,135.1736,78.5042,377.0938
image_0106.png,55.8423,134.9072,31.624,382.0394
image_0107.png,53.4926,132.8651,75.2592,381.108
image_0108.png,58.1102,137.071,32.4947,376.8814
image_0109.png,57.8306,121.1507,70.6013,381.2742
image_0110.png,59.9516,122.4159,34.5963,380.7707
image_0111.png,54.2019,176.6364,82.7288,382.7942
image_0112.png,59.9009,173.763,35.9859,381.4592
image_0113.png,64.1886,120.942,74.0424,368.0658
image_0114.png,55.8418,118.998,31.2808,365.6228
image_0115.png,56.3114,123.1153,72.3085,382.3639
image_0116.png,64.9794,117.5136,38.1242,366.207
image_0117.png,57.4995,129.1586,85.6168,382.372
image_0118.png,60.3918,123.3954,33.9919,382.0141
image_0119.png,55.2026,119.1015,78.9482,382.2141
image_0120.png,58.9056,118.3589,33.3063,382.5717
image_0121.png,55.1729,119.0685,79.0579,382.1037
image_0122.png,58.7481,118.3149,33.5911,382.3789
image_0123.png,54.5199,131.3516,80.0546,378.9944
image_0124.png,58.1979,127.6079,26.3122,381.6473
image_0125.png,58.5229,134.0923,73.5263,380.2798
image_0126.png,56.5466,128.8377,28.751,367.9035
image_0127.png,58.5963,140.6921,76.0166,380.9249
image_0128.png,64.4574,136.9145,34.0775,378.1975
image_0129.png,64.5093,146.3243,54.0876,363.7905
image_0130.png,60.7081,144.6005,42.0731,359.3665
image_0131.png,51.4423,115.4478,74.8006,377.6618
image_0132.png,58.5159,119.4662,34.2525,382.9231
image_0133.png,59.5537,131.0637,76.3379,380.2631
image_0134.png,57.7079,136.5085,31.6232,382.0234
image_0135.png,56.5937,118.8353,90.4313,384.2114
image_0136.png,59.5354,120.2355,27.5683,381.2414
image_0137.png,53.9044,135.2719,84.4307,383.4534
image_0138.png,59.9328,125.9952,24.6975,381.2054
image_0139.png,61.6728,145.8359,83.2965,383.2433
image_0140.png,62.0827,150.8009,24.3134,376.8765
image_0141.png,56.3914,119.1688,78.8414,383.8344
image_0142.png,59.5648,121.8088,33.3767,382.7354
image_0143.png,55.3361,120.9302,73.8577,368.3697
image_0144.png,58.7528,125.9281,39.7929,381.5828
image_0145.png,55.4655,139.8837,72.0729,379.6048
image_0146.png,55.4279,138.7816,44.9432,365.3867
image_0147.png,54.1262,140.305,82.405,383.4385
image_0148.png,61.9463,143.7496,33.7741,383.0904
image_0149.png,45.2107,92.329,84.9915,381.7147
image_0150.png,60.8398,97.705,25.5862,381.1054
image_0151.png,53.9322,141.4572,82.7945,379.3104
image_0152.png,57.6207,145.2702,32.5754,378.3003
image_0153.png,61.1687,147.0539,79.238,381.3635
image_0154.png,40.8126,144.0887,33.5268,378.9378
image_0155.png,52.9559,128.0703,75.5477,367.8089
image_0156.png,59.6885,135.0603,34.0912,367.4932
image_0157.png,66.8435,151.0805,76.9,382.7964
image_0158.png,54.3282,147.5435,31.0518,382.3145
image_0159.png,52.7007,126.9086,67.8906,367.1137
image_0160.png,61.6724,123.5141,32.3511,365.2433
image_0161.png,60.6178,146.3799,75.1498,384.0077
image_0162.png,47.5645,146.5719,23.8383,378.2269
image_0163.png,58.5671,136.9336,76.633,381.502
image_0164.png,60.7369,129.1287,28.1621,382.0886
image_0165.png,58.5223,152.6297,81.2218,381.6295
image_0166.png,59.6787,154.3267,25.1874,379.758
image_0167.png,51.7261,132.9591,80.6561,383.6706
image_0168.png,62.3241,130.0082,32.2907,383.0631
image_0169.png,58.4939,152.6214,81.0499,381.419
image_0170.png,59.7296,154.2173,25.2763,379.6549
image_0171.png,58.5223,152.6297,81.2218,381.6295
image_0172.png,59.6787,154.3267,25.1874,379.758
image_0173.png,63.3893,139.7576,75.6082,380.2003
image_0174.png,60.1083,139.0368,31.8033,375.3956
image_0175.png,48.2333,152.2828,76.5834,381.4526
image_0176.png,57.3084,148.0583,27.3604,381.6696
image_0177.png,58.3238,138.6728,73.8963,381.1031
image_0178.png,58.1197,138.9417,31.0721,381.1225
image_0179.png,62.2472,138.0321,79.4197,381.6722
image_0180.png,56.3329,136.9522,33.7086,382.5799
image_0181.png,54.5694,152.8875,73.8307,367.826
image_0182.png,61.2605,150.5328,32.0116,367.4134
image_0183.png,51.5632,111.1151,79.7586,382.2643
image_0184.png,60.6809,113.2422,33.0087,382.8048
image_0185.png,58.8651,134.3475,75.6041,381.8932
image_0186.png,64.7173,139.2521,29.2243,382.0021
image_0187.png,54.6751,136.1034,61.4026,378.3481
image_0188.png,60.7641,129.7305,32.9793,367.8165
image_0189.png,55.1864,150.8371,76.9776,374.2189
image_0190.png,56.818,148.963,37.5928,368.4651
image_0191.png,60.4673,138.7031,76.6441,379.7781
image_0192.png,49.6669,136.0121,31.02,382.3858
image_0193.png,56.1486,134.7435,80.6713,367.1036
image_0194.png,57.3484,102.0546,36.9343,366.6715
image_0195.png,53.5331,107.4073,76.1188,382.2743
image_0196.png,61.4588,111.2485,23.5329,382.3739
image_0197.png,58.9065,123.909,72.4323,381.6546
image_0198.png,59.8711,125.5601,34.5289,381.7879
image_0199.png,58.1726,123.5399,73.303,382.0007
image_0200.png,60.3711,122.6681,34.8018,381.4443
image_0201.png,56.2667,143.9891,76.966,372.8196
image_0202.png,58.1916,152.3763,32.331,379.6334
image_0203.png,58.1111,104.7355,83.1079,383.2559
image_0204.png,50.806,106.6646,29.5975,383.1667
image_0205.png,55.1915,105.1794,72.2684,366.695
image_0206.png,60.7435,110.1998,26.4651,379.9244
image_0207.png,57.0601,122.5179,86.9675,383.5455
image_0208.png,59.679,122.6624,32.1514,382.0582
image_0209.png,53.742,145.4152,81.2448,383.2047
image_0210.png,59.5457,139.5223,20.1202,381.6809
image_0211.png,49.9202,137.6776,86.6046,383.4584
image_0212.png,63.8249,122.881,32.0444,383.0064
image_0213.png,58.4042,127.4137,77.8161,380.6712
image_0214.png,62.1726,134.3519,37.047,382.5349
image_0215.png,59.6688,144.7612,86.7561,381.8509
image_0216.png,58.1934,134.2762,36.5616,369.8284
image_0217.png,51.9003,136.8921,80.9759,381.6221
image_0218.png,59.1494,135.5698,23.123,380.9128
image_0219.png,62.7207,151.7026,79.6145,382.7241
image_0220.png,58.2769,144.9458,33.9201,382.8887
image_0221.png,57.6205,132.7571,75.3047,382.2279
image_0222.png,55.7541,135.993,34.0674,380.946
image_0223.png,52.6345,148.1643,76.4431,379.6752
image_0224.png,51.309,157.313,38.3294,381.8948
image_0225.png,52.8204,133.8079,79.6525,381.7843
image_0226.png,58.5123,136.5389,34.3087,378.8178
image_0227.png,52.0954,137.486,76.9152,382.6148
image_0228.png,58.1588,139.5142,32.8303,364.2635
image_0229.png,56.4032,152.5079,78.6284,381.744
image_0230.png,66.7598,125.3156,38.3048,382.1422
image_0231.png,57.9132,124.3705,83.1569,379.8898
image_0232.png,59.6586,126.4028,35.7834,380.5747
image_0233.png,57.1934,137.1357,75.5485,366.8344
image_0234.png,57.4815,140.0096,27.7303,375.4793
image_0235.png,48.0302,140.5457,72.2284,382.7563
image_0236.png,57.7221,139.6154,33.9598,381.6173
image_0237.png,52.2244,152.2092,75.8328,368.0026
image_0238.png,56.3983,158.5109,26.7017,380.7258
image_0239.png,55.5533,136.0513,76.7087,382.5701
image_0240.png,49.3305,137.3993,35.3671,382.8529
image_0241.png,57.8023,142.6443,77.9969,382.3842
image_0242.png,58.1771,139.8272,29.1392,382.4429
image_0243.png,62.032,136.906,80.0819,380.8022
image_0244.png,63.9017,130.5239,35.261,372.2281
image_0245.png,57.603,139.6718,76.5537,380.9356
image_0246.png,61.3078,145.9394,31.4629,381.877
image_0247.png,55.8346,137.108,78.1746,383.5039
image_0248.png,55.9315,139.4281,29.1762,383.0393
image_0249.png,51.9967,119.8885,77.961,380.8965
image_0250.png,58.1745,133.6507,21.42,380.9375
image_0251.png,57.14,122.9733,78.8832,383.607
image_0252.png,60.0875,128.3638,29.9567,382.0057
image_0253.png,54.4038,122.5154,78.1345,382.5137
image_0254.png,61.6674,121.3983,33.409,382.5102
image_0255.png,56.4876,128.9575,89.6545,383.0305
image_0256.png,58.2572,126.005,32.2963,382.467
image_0257.png,57.0675,138.045,77.1272,367.2267
image_0258.png,58.4767,139.4435,40.0575,362.9624
image_0259.png,58.687,144.1283,74.2537,371.1392
image_0260.png,55.7076,143.224,38.1736,380.5787
image_0261.png,57.4367,140.178,78.2223,382.2107
image_0262.png,61.1545,138.352,31.6809,381.8106
image_0263.png,60.143,136.513,70.4747,367.2634
image_0264.png,61.732,127.3239,42.9661,357.2659
image_0265.png,56.0614,143.7844,77.9983,365.1741
image_0266.png,62.2711,147.2172,70.4309,377.5371
image_0267.png,54.8677,142.6635,34.3807,371.4657
image_0268.png,56.4044,119.4017,77.9988,382.2905
image_0269.png,59.0227,117.7511,36.4393,383.1025
image_0270.png,62.0538,138.7855,80.1987,382.2941
image_0271.png,53.567,144.2844,24.4326,382.0155
image_0272.png,57.6252,138.7488,81.6791,380.6231
image_0273.png,56.255,148.87,22.903,381.8853
image_0274.png,57.0783,137.9838,76.7414,381.6782
image_0275.png,55.0196,135.824,30.6967,381.1293
image_0276.png,58.2328,124.9621,71.8081,381.8276
image_0277.png,59.446,123.79,35.295,381.7127
image_0278.png,60.2286,144.8561,86.2489,381.8616
image_0279.png,58.1016,134.3135,36.5659,369.7877
image_0280.png,57.2732,122.6857,81.3524,382.3684
image_0281.png,61.467,126.279,37.8752,365.1165
image_0282.png,54.4518,145.7085,83.2291,382.4772
image_0283.png,57.6879,136.1061,37.4856,366.6639
image_0284.png,50.2145,137.9854,79.3313,383.4601
image_0285.png,56.4007,131.4793,31.6883,383.0592
image_0286.png,57.6216,110.2799,82.1412,383.1059
image_0287.png,48.2474,106.5372,30.2541,383.0923
image_0288.png,57.3669,149.3092,74.9191,381.3454
image_0289.png,51.9901,153.8166,28.6169,380.6096
image_0290.png,60.603,137.9789,74.1437,381.6152
image_0291.png,54.3131,138.3067,30.3628,382.9656
image_0292.png,68.9193,153.365,83.5984,383.4542
image_0293.png,48.4885,148.5549,30.4943,383.1757
image_0294.png,43.9315,149.2868,50.3696,375.9025
image_0295.png,58.485,170.0731,72.4889,379.6617
image_0296.png,57.5557,136.2716,76.0455,381.5995
image_0297.png,57.1605,130.2609,25.0506,380.3532
image_0298.png,55.4657,148.0637,78.3949,366.7127
image_0299.png,52.8057,149.7942,30.797,382.2142
image_0300.png,54.7146,123.3863,82.7089,383.003
image_0301.png,60.1573,120.5693,39.0998,362.0266
image_0302.png,56.6851,134.4048,79.0246,382.1481
image_0303.png,64.3264,117.5386,41.4143,367.2779
image_0304.png,54.5629,149.9914,83.4165,380.0104
image_0305.png,54.3189,140.5974,32.5601,380.6325
image_0306.png,57.6245,140.6936,87.9901,351.5018
image_0307.png,55.7488,142.0791,28.688,369.2284
image_0308.png,51.0541,121.3435,71.8159,367.165
image_0309.png,62.2262,128.8286,35.4291,367.9594
image_0310.png,56.2096,152.2594,82.6119,382.3315
image_0311.png,63.0256,138.3311,40.1704,366.9607
image_0312.png,62.033,114.8597,85.5816,377.3636
image_0313.png,54.7565,118.0272,23.9752,381.984
image_0314.png,60.6707,137.2929,76.0955,382.3187
image_0315.png,55.9838,137.0141,22.896,381.3248
image_0316.png,50.6766,115.4512,88.7303,380.3636
image_0317.png,60.8117,117.775,15.8355,378.9068
image_0318.png,52.0304,138.6786,79.782,381.9076
image_0319.png,59.6999,132.1552,30.1333,381.2321
image_0320.png,54.9079,139.7113,79.5173,383.5739
image_0321.png,61.6649,145.5053,31.8741,382.8004
image_0322.png,55.8551,128.3006,79.2922,368.6289
image_0323.png,57.0699,130.6048,50.7773,350.8694
image_0324.png,58.2312,140.7835,79.6933,383.574
image_0325.png,59.0341,145.5981,34.0888,382.9278
image_0326.png,54.5876,139.5704,79.5373,383.5449
image_0327.png,61.3539,145.7036,31.8769,382.8058
image_0328.png,59.7664,141.8813,80.6854,383.0875
image_0329.png,60.6003,130.0834,32.9873,383.5808
image_0330.png,58.0464,129.2661,73.9981,379.0017
image_0331.png,53.5535,135.5161,15.8499,376.1682
image_0332.png,56.2474,128.1752,79.5355,366.9572
image_0333.png,59.5097,119.964,28.253,367.032
image_0334.png,61.8318,139.5803,77.5228,381.8998
image_0335.png,59.4547,139.3549,35.8021,381.4529
image_0336.png,54.8031,132.5271,68.0412,378.2052
image_0337.png,57.5129,138.6403,31.4884,367.1209
image_0338.png,60.3859,146.8734,73.3026,382.1917
image_0339.png,52.4509,141.9918,27.3766,369.4365
image_0340.png,62.2449,136.5559,69.9782,373.8795
image_0341.png,53.7003,121.2415,43.0039,349.1998
image_0342.png,52.0923,144.5732,78.3465,372.8422
image_0343.png,58.3421,138.8767,34.9342,382.1214
image_0344.png,56.3576,145.4412,75.2838,371.3629
image_0345.png,50.71,150.0919,29.6976,381.9303
image_0346.png,47.6071,125.5499,82.051,379.3282
image_0347.png,59.0675,132.4043,25.6539,378.5083
image_0348.png,47.7936,149.5387,83.2577,380.2868
image_0349.png,58.0079,139.7514,32.64,382.2664
image_0350.png,60.6514,140.2138,83.5843,380.6329
image_0351.png,53.6224,143.0033,36.8915,375.6472
image_0352.png,59.2534,135.2223,74.6917,367.2558
image_0353.png,57.6988,136.9505,36.0092,369.4762
image_0354.png,55.0287,119.8679,79.0535,382.8941
image_0355.png,59.0832,122.9998,30.7872,381.7912
image_0356.png,58.1967,141.7822,79.1427,381.8327
image_0357.png,56.0616,138.6382,26.8017,382.2648
image_0358.png,52.7552,146.8772,81.8357,383.3379
image_0359.png,55.9406,141.4662,37.5088,382.3759
image_0360.png,62.4678,143.9747,78.8148,380.5321
image_0361.png,56.6359,138.5188,35.9614,366.0678
image_0362.png,49.4405,121.7643,68.0139,367.6605
image_0363.png,61.7169,132.1946,43.6504,380.533
image_0364.png,58.141,135.4841,77.7225,380.8642
image_0365.png,64.4911,145.8767,37.1851,382.5881
image_0366.png,59.8625,150.6729,81.2635,382.4594
image_0367.png,45.1398,148.7969,32.5818,382.1494
image_0368.png,65.3169,139.0797,79.2067,380.5288
image_0369.png,57.3558,138.0332,29.5689,381.0412
image_0370.png,59.1967,142.9319,91.5669,364.3568
image_0371.png,57.1684,141.299,40.7559,362.8021
image_0372.png,58.1819,111.2529,82.2381,383.4676
image_0373.png,59.5089,117.227,31.3963,379.8987
image_0374.png,50.8854,155.0393,84.2435,383.1081
image_0375.png,52.7135,153.2926,29.4311,381.4055
image_0376.png,55.4324,158.1923,76.8003,381.4989
image_0377.png,52.6793,172.9307,32.1175,368.0995
image_0378.png,56.0831,134.1427,79.525,383.2337
image_0379.png,58.6015,130.2811,29.2356,382.7289
image_0380.png,54.7189,129.4778,84.0065,381.9557
image_0381.png,62.3169,128.2959,35.7786,367.9655
image_0382.png,56.9874,137.4377,78.9973,381.7207
image_0383.png,60.1808,120.1494,36.7335,366.2751
image_0384.png,56.3534,137.4409,74.5592,367.1466
image_0385.png,54.3946,134.6769,38.3468,366.5235
image_0386.png,48.4763,121.0447,77.8671,381.4203
image_0387.png,60.0609,121.5502,29.4319,381.6833
image_0388.png,58.2746,136.4878,77.1484,362.0369
image_0389.png,62.0783,141.1971,30.4531,362.524
image_0390.png,61.9081,138.2364,79.4308,379.894
image_0391.png,57.4731,136.7386,27.2594,381.6484
image_0392.png,54.7432,137.2694,79.4946,382.044
image_0393.png,58.6546,136.9275,52.0357,350.7347
image_0394.png,47.1391,87.2572,83.0315,382.7045
image_0395.png,56.0992,111.8237,25.9665,381.8978
image_0396.png,59.7883,130.6922,78.2478,382.2829
image_0397.png,50.3883,134.1356,37.5019,383.4284
image_0398.png,53.2772,123.1974,85.5243,381.6766
image_0399.png,61.1555,127.1051,35.9481,373.4981
image_0400.png,52.2328,144.8758,80.17,382.416
image_0401.png,54.8183,151.424,30.0683,381.3258
image_0402.png,59.8606,138.7016,75.5959,383.4655
image_0403.png,62.4369,138.9261,33.3829,382.9063
image_0404.png,59.8475,138.7245,75.5959,383.4655
image_0405.png,62.4582,138.9219,33.3206,382.8842
image_0406.png,58.176,140.6758,83.7083,382.5258
image_0407.png,55.5704,140.6947,24.5461,381.1005
image_0408.png,53.5926,128.8527,83.5856,366.5905
image_0409.png,59.4958,127.4869,36.8318,365.5352
image_0410.png,50.4744,119.5667,79.3761,371.3176
image_0411.png,63.7469,117.1097,44.4449,360.2356
image_0412.png,58.1753,141.2852,75.2351,368.4874
image_0413.png,55.9872,139.1185,35.3316,368.2397
image_0414.png,54.1232,110.1506,82.6904,383.0162
image_0415.png,54.4272,88.9133,31.172,382.5704
image_0416.png,51.4591,115.1302,77.1089,379.4345
image_0417.png,61.8915,123.371,21.3322,379.2169
image_0418.png,57.1884,122.8517,75.9069,376.1771
image_0419.png,56.0703,123.8411,33.0072,382.958
image_0420.png,61.0585,122.5962,81.3106,380.8482
image_0421.png,56.6835,129.087,19.8146,379.0096
image_0422.png,51.2197,117.1747,85.6367,383.0852
image_0423.png,66.8216,109.4702,26.7973,383.1776
image_0424.png,55.4752,148.2899,77.9388,383.2679
image_0425.png,58.3694,148.9873,28.1523,381.9662
image_0426.png,55.6632,136.64,75.6052,382.1408
image_0427.png,58.7013,137.1208,31.7599,376.0426
image_0428.png,54.7615,129.8059,80.484,382.5785
image_0429.png,57.7423,135.9951,37.7021,363.9758
image_0430.png,53.2315,113.7718,78.4572,381.8046
image_0431.png,56.3739,114.856,24.626,381.9339
image_0432.png,46.7935,122.8625,71.332,367.1893
image_0433.png,57.3366,133.7376,22.7486,370.7841
image_0434.png,51.0335,103.3304,78.4227,381.821
image_0435.png,59.874,107.2761,34.5517,380.6066
image_0436.png,53.7814,144.8388,78.7506,383.5765
image_0437.png,60.1593,143.2639,33.967,371.3662
image_0438.png,58.6958,153.4292,80.9088,381.0961
image_0439.png,58.6658,151.9856,24.0977,380.7098
image_0440.png,57.9121,124.2125,74.1452,381.978
image_0441.png,60.7465,124.2542,33.5795,381.2207
image_0442.png,51.6858,143.8995,75.6075,381.9748
image_0443.png,59.4274,138.8407,33.0999,381.3365
image_0444.png,58.6574,136.7683,73.4261,368.1288
image_0445.png,55.176,137.5541,29.3469,369.2484
image_0446.png,56.362,135.9629,76.0739,382.8814
image_0447.png,58.1692,140.5549,26.3159,380.9555
image_0448.png,61.0477,128.3922,83.4087,374.8282
image_0449.png,53.5246,137.4137,27.8285,377.4641
image_0450.png,54.0566,136.2555,86.7344,383.8361
image_0451.png,57.0043,136.8633,24.6324,381.7711
image_0452.png,51.8218,120.2328,79.7378,382.089
image_0453.png,60.8906,126.5109,31.2351,382.8732
image_0454.png,65.3296,123.0984,61.1512,343.1044
image_0455.png,54.4917,122.1976,17.5209,358.9368
image_0456.png,55.0035,137.1756,83.9351,383.439
image_0457.png,57.4163,136.4937,31.5849,381.6031
image_0458.png,47.5936,147.8512,74.4354,380.5074
image_0459.png,61.0196,143.8662,37.0943,362.498
image_0460.png,51.6642,136.1245,75.4647,382.5809
image_0461.png,61.2224,126.841,29.8693,381.3517
image_0462.png,55.9394,137.7694,82.3891,358.3038
image_0463.png,67.3003,123.1034,46.2036,348.7708
image_0464.png,57.5665,120.0806,96.1327,383.0667
image_0465.png,57.029,124.9488,23.6138,381.8314
image_0466.png,62.6637,151.9173,85.1941,383.1819
image_0467.png,60.3896,157.824,30.4599,379.4877
image_0468.png,55.5343,134.0289,76.4579,366.5813
image_0469.png,58.4205,138.428,28.6332,367.3053
image_0470.png,47.6678,146.1361,78.7084,379.0033
image_0471.png,56.4432,146.4793,29.5356,370.7588
image_0472.png,47.7039,125.1128,76.284,380.6705
image_0473.png,60.8155,121.5368,32.0025,379.0735
image_0474.png,53.3104,152.7608,76.6935,381.5693
image_0475.png,55.3622,153.122,39.0368,383.1986
image_0476.png,45.7716,106.5664,83.1545,379.7749
image_0477.png,57.0172,105.7173,31.4826,378.0598
image_0478.png,55.6652,140.5408,83.0153,379.4019
image_0479.png,56.8366,138.5316,21.3467,381.039
image_0480.png,45.7716,106.5664,83.1545,379.7749
image_0481.png,57.0172,105.7173,31.4826,378.0598
image_0482.png,53.9658,119.8333,80.2251,383.6153
image_0483.png,55.6168,123.4371,29.1799,382.1204
image_0484.png,66.9669,152.8829,82.6286,381.9052
image_0485.png,50.2199,144.1039,37.7224,376.3177
image_0486.png,52.1134,123.943,81.0694,383.7784
image_0487.png,61.9189,134.8182,29.2329,383.244
image_0488.png,52.0464,139.1707,60.8198,365.6497
image_0489.png,59.7571,138.2405,33.4025,365.007
image_0490.png,51.5558,152.8045,83.2314,380.0804
image_0491.png,52.8537,140.8538,33.1337,381.0195
image_0492.png,52.9381,142.1845,77.6191,383.1253
image_0493.png,48.5007,148.4163,33.9442,381.1848
image_0494.png,54.5676,140.0263,75.8233,369.0253
image_0495.png,67.1878,143.1287,33.9495,381.5046
image_0496.png,55.9243,137.4292,77.8726,367.5804
image_0497.png,56.5261,139.2386,45.046,363.6866
image_0498.png,55.6715,136.8201,78.0,367.1228
image_0499.png,56.2577,138.5541,45.4599,363.24
image_0500.png,56.4688,150.1615,80.3297,365.2682
image_0501.png,60.0672,138.4212,36.6804,362.4299
image_0502.png,57.325,139.2746,76.7152,378.3541
image_0503.png,60.3862,149.964,32.01,379.3566
image_0504.png,56.1944,105.7808,74.7422,379.5481
image_0505.png,56.7327,116.3688,32.2426,373.3965
image_0506.png,55.7903,133.0556,90.6266,380.9139
image_0507.png,56.7799,138.4394,31.2892,377.6003
image_0508.png,55.7903,133.0556,90.6266,380.9139
image_0509.png,56.7799,138.4394,31.2892,377.6003
image_0510.png,58.8661,127.9153,74.765,382.6613
image_0511.png,55.3176,138.8517,35.7348,382.9614
image_0512.png,58.5643,136.948,64.9561,364.393
image_0513.png,55.1272,140.732,53.7223,363.7887
image_0514.png,61.4549,130.2655,70.5252,381.3977
image_0515.png,60.8593,124.1292,29.0155,372.9149
image_0516.png,55.5894,118.531,75.7032,381.982
image_0517.png,49.6695,112.1915,32.1618,382.2006
image_0518.png,51.2908,120.664,71.9464,364.4861
image_0519.png,61.073,118.7288,30.8757,376.5459
image_0520.png,62.8067,144.903,76.7897,382.1415
image_0521.png,54.1553,140.0602,27.5694,378.8959
image_0522.png,58.462,137.6327,81.5008,363.2033
image_0523.png,58.9222,134.0288,31.1025,381.3662
image_0524.png,55.9769,143.4374,74.6129,367.4129
image_0525.png,52.0374,148.8354,35.9655,367.9643
image_0526.png,66.7847,162.7507,75.1297,380.6827
image_0527.png,53.8899,167.4746,37.3756,380.2043
image_0528.png,62.2787,138.7383,80.8515,381.788
image_0529.png,59.314,137.7444,24.6518,381.5579
image_0530.png,55.3767,113.3628,81.7999,383.2524
image_0531.png,57.558,120.178,33.8819,382.821
image_0532.png,50.7322,122.4181,81.1804,367.4005
image_0533.png,66.8193,115.2681,29.3603,381.2982
image_0534.png,53.0022,125.8796,73.9737,370.2596
image_0535.png,61.5895,125.9788,37.8041,364.5347
image_0536.png,52.131,138.048,80.0014,383.6152
image_0537.png,60.1365,126.2313,26.0077,381.0992
image_0538.png,60.5814,121.981,78.6086,378.7824
image_0539.png,60.4924,119.2165,29.768,379.5091
image_0540.png,57.0571,125.6042,85.5209,383.0207
image_0541.png,58.7764,135.3237,25.1502,381.5391
image_0542.png,57.0571,125.6042,85.5209,383.0207
image_0543.png,58.7764,135.3237,25.1502,381.5391
image_0544.png,55.0911,122.2861,81.4808,383.879
image_0545.png,63.1609,119.1326,28.6713,383.6687
image_0546.png,59.6523,107.9771,78.9887,379.509
image_0547.png,51.6713,106.8595,33.6281,379.937
image_0548.png,59.6523,107.9771,78.9887,379.509
image_0549.png,51.6713,106.8595,33.6281,379.937
image_0550.png,59.1323,133.4609,28.5796,381.0147
image_0551.png,58.9259,126.2401,31.225,382.4698
image_0552.png,46.1841,89.9476,79.3873,380.9906
image_0553.png,51.2515,90.285,35.1338,377.3778
image_0554.png,58.1645,139.2371,81.8729,383.2975
image_0555.png,51.7123,136.2565,25.1376,381.0147
image_0556.png,53.8552,119.3018,79.0886,381.8247
image_0557.png,62.1831,120.2123,24.6954,379.2605
image_0558.png,55.7887,121.6384,79.9426,379.7463
image_0559.png,57.1848,116.8656,32.0058,380.1595
image_0560.png,56.4269,122.3017,78.7348,382.0373
image_0561.png,57.7781,120.3595,35.888,382.2024
image_0562.png,60.6535,117.8811,87.2011,383.4396
image_0563.png,51.917,114.8552,19.1914,382.0653
image_0564.png,56.5288,97.1823,86.0967,372.9925
image_0565.png,58.899,103.828,47.2373,380.0242
image_0566.png,57.2304,123.8832,81.4794,383.0597
image_0567.png,56.507,123.6601,33.6741,382.2116
image_0568.png,56.5562,134.5208,71.2741,381.9619
image_0569.png,59.314,129.3984,35.3883,381.3704
image_0570.png,58.0111,129.6123,76.3035,381.9164
image_0571.png,61.4495,129.7092,30.7651,381.9922
image_0572.png,57.2926,138.8582,81.9641,380.9905
image_0573.png,58.5539,137.6236,36.437,382.2185
image_0574.png,56.3449,111.6078,89.0051,375.1286
image_0575.png,54.813,113.3041,25.0237,368.2731
image_0576.png,56.1121,146.7961,82.0168,381.1273
image_0577.png,56.7824,137.1714,35.6629,381.2918
image_0578.png,54.8501,105.9321,80.9562,381.6256
image_0579.png,53.6929,111.039,32.1445,382.2608
image_0580.png,50.4462,138.7061,85.5011,383.714
image_0581.png,58.4607,137.2615,34.5593,378.1535
image_0582.png,55.5152,122.0556,73.5295,378.8997
image_0583.png,61.1246,119.7946,36.0816,380.5648
image_0584.png,54.618,141.8559,82.4573,383.0822
image_0585.png,60.7113,134.4364,38.3121,382.7515
image_0586.png,38.8073,119.9154,78.8651,376.8583
image_0587.png,57.0451,127.1023,34.1881,382.5897
image_0588.png,56.3476,153.6514,76.7988,382.3302
image_0589.png,54.6005,148.3628,29.489,380.4484
image_0590.png,53.0155,125.3518,76.7424,370.1856
image_0591.png,58.2106,131.0543,38.2266,363.7205
image_0592.png,65.6202,151.0273,74.7917,381.7491
image_0593.png,58.467,141.8822,40.8973,377.5238
image_0594.png,53.4196,111.9499,77.4132,381.3043
image_0595.png,59.9976,113.5,22.9148,380.7601
image_0596.png,59.1863,124.6384,70.607,381.0544
image_0597.png,59.5581,124.0143,40.7792,379.589
image_0598.png,57.4072,128.0311,81.9237,382.2504
image_0599.png,55.8458,127.2384,32.3564,367.5518
image_0600.png,66.8026,150.1929,71.639,381.5186
image_0601.png,53.1613,148.8048,37.7179,366.2829
image_0602.png,50.4714,133.0201,79.109,382.6644
image_0603.png,57.8496,135.8663,26.3997,382.6179
image_0604.png,55.0291,134.8041,80.4713,376.9572
image_0605.png,56.1371,135.189,31.8094,365.2092
image_0606.png,65.2896,151.9292,74.9108,380.5063
image_0607.png,57.7392,150.5796,29.7553,381.0469
image_0608.png,55.1348,120.7113,81.845,382.6956
image_0609.png,60.7446,116.7378,38.6282,379.4606
image_0610.png,69.5677,151.7542,65.39,368.2543
image_0611.png,51.52,149.2097,35.7287,363.2102
image_0612.png,59.383,150.7123,75.026,382.5414
image_0613.png,52.6396,147.5932,37.1882,383.1533
image_0614.png,56.2142,139.4458,71.9659,368.605
image_0615.png,55.559,145.5624,30.7721,377.6902
image_0616.png,56.7299,132.7108,82.1502,379.6756
image_0617.png,57.4445,136.6917,35.9132,383.4134
image_0618.png,58.0985,128.8166,85.9396,378.489
image_0619.png,58.4023,123.6807,32.0678,368.8505
image_0620.png,56.9637,137.7764,80.0117,377.7228
image_0621.png,61.5502,137.7908,31.4178,382.2345
image_0622.png,48.0579,127.7168,78.5439,381.5732
image_0623.png,60.8601,137.8256,29.4373,382.463
image_0624.png,57.6679,123.5961,78.4179,382.6055
image_0625.png,66.8267,125.6573,27.4141,381.2117
image_0626.png,60.4594,146.4601,81.39,381.4322
image_0627.png,57.2644,141.4594,31.9603,378.0206
image_0628.png,59.9723,119.9972,77.0593,379.2819
image_0629.png,59.0431,125.172,36.0861,382.287
image_0630.png,56.5713,146.5958,71.3154,378.2429
image_0631.png,53.9812,145.8012,26.8323,381.3835
image_0632.png,47.0633,129.0946,77.2663,366.4097
image_0633.png,62.3767,144.1191,32.4324,366.3549
image_0634.png,51.4634,129.3722,78.5824,383.7345
image_0635.png,60.4499,133.934,29.8987,383.1579
image_0636.png,51.2548,137.6517,81.3203,382.6017
image_0637.png,60.1189,125.3252,31.1089,379.0543
image_0638.png,56.0384,128.4084,82.0542,381.7461
image_0639.png,57.8321,121.3093,35.5252,366.4875
image_0640.png,57.3458,138.2138,78.6304,383.6446
image_0641.png,59.0711,140.2066,31.1546,381.5545
image_0642.png,57.9601,139.623,83.7104,382.6378
image_0643.png,56.606,135.3941,25.0132,377.3846
image_0644.png,56.4324,134.6081,82.5382,382.9023
image_0645.png,58.5375,131.1818,17.4525,381.0433
image_0646.png,56.5402,119.6655,83.7024,381.097
image_0647.png,63.1202,120.4378,36.0365,381.0344
image_0648.png,54.2329,124.8538,82.4326,381.4965
image_0649.png,62.5833,127.6108,21.5874,380.7633
image_0650.png,55.811,127.4239,79.2972,383.5999
image_0651.png,69.9094,125.0304,36.2412,382.0286
image_0652.png,60.0957,155.2132,80.9882,381.861
image_0653.png,57.254,148.6434,25.4655,378.8028
image_0654.png,56.0015,126.9772,83.7255,380.8965
image_0655.png,61.212,122.4591,34.6625,377.4921
image_0656.png,51.0187,141.2389,75.9157,364.1626
image_0657.png,61.339,141.8584,35.782,367.4704
image_0658.png,46.3192,93.7673,80.5287,383.6385
image_0659.png,47.578,85.6918,30.9063,382.6504
image_0660.png,61.4872,129.4843,79.6554,382.9069
image_0661.png,55.3622,121.3637,30.6826,382.5398
image_0662.png,51.4927,105.7255,86.641,380.41
image_0663.png,59.6698,117.9821,19.2251,382.106
image_0664.png,55.9976,156.8032,76.039,367.9092
image_0665.png,65.8007,151.9771,30.6693,372.012
image_0666.png,55.8006,123.8929,83.6362,381.3882
image_0667.png,58.7979,120.4937,76.1049,380.9322
image_0668.png,57.0917,118.6145,83.5371,381.1035
image_0669.png,60.066,120.7972,36.3968,381.2558
image_0670.png,45.8254,106.618,80.0225,383.7251
image_0671.png,54.9485,99.9014,39.2563,367.9648
image_0672.png,53.6903,135.2686,82.791,377.186
image_0673.png,56.7758,136.7119,25.6596,381.3994
image_0674.png,56.6766,149.851,81.8229,383.4529
image_0675.png,55.7195,138.4648,25.9721,382.317
image_0676.png,58.933,138.2543,74.1335,381.1799
image_0677.png,49.371,146.4541,30.4185,383.1288
image_0678.png,54.6394,148.621,79.7507,382.6337
image_0679.png,56.4539,141.1015,25.935,381.8548
image_0680.png,56.9551,130.8282,76.1774,365.1617
image_0681.png,56.7868,137.6893,32.1678,368.1374
image_0682.png,50.361,141.2132,79.5134,383.4238
image_0683.png,58.8541,137.3051,26.4555,381.6586
image_0684.png,42.3253,141.018,79.316,367.9905
image_0685.png,54.8129,140.0156,35.2722,380.1259
image_0686.png,49.0714,132.4776,78.5839,382.3282
image_0687.png,57.4357,135.4063,36.3317,382.2946
image_0688.png,49.0399,141.4546,78.5511,366.7132
image_0689.png,52.5027,136.7844,42.0483,365.5646
image_0690.png,43.5738,152.2544,78.2993,379.7766
image_0691.png,51.2227,140.8901,34.0226,381.1427
image_0692.png,54.753,105.4811,75.5293,381.7212
image_0693.png,62.7925,101.9287,37.0372,382.5846
image_0694.png,56.691,128.5771,86.6026,364.8096
image_0695.png,60.7221,123.3615,26.8162,366.8118
image_0696.png,61.4413,112.3277,80.1304,382.4064
image_0697.png,52.4305,119.2388,31.917,382.5399
image_0698.png,59.655,137.6712,75.9073,370.8583
image_0699.png,57.373,136.8385,33.0135,376.6644
image_0700.png,59.0253,135.9367,80.0969,380.5966
image_0701.png,75.2466,133.4069,47.1613,374.228
image_0702.png,54.7692,117.5103,78.6817,382.0794
image_0703.png,61.6065,112.5179,24.3957,381.1263
image_0704.png,58.5875,131.5624,77.8862,383.0743
image_0705.png,58.6714,128.521,32.5971,367.9483
image_0706.png,58.1425,127.3852,80.4503,383.4581
image_0707.png,55.6059,113.1008,38.2842,381.8128
image_0708.png,58.1425,127.3852,80.4503,383.4581
image_0709.png,55.6059,113.1008,38.2842,381.8128
image_0710.png,51.6232,106.1119,88.2081,384.0798
image_0711.png,57.5172,116.144,29.5886,382.8185
image_0712.png,51.2786,120.3831,77.4193,383.1472
image_0713.png,58.8127,121.5021,33.0718,383.4625
image_0714.png,57.1297,134.6329,83.4486,383.0305
image_0715.png,60.2344,130.5056,28.8992,379.9043
image_0716.png,53.4572,105.6612,50.146,333.7422
image_0717.png,60.6377,99.9328,61.4528,349.6357
image_0718.png,61.814,145.4439,78.9098,382.0049
image_0719.png,56.011,151.5806,21.4819,381.3858
image_0720.png,55.7352,121.6037,82.2349,383.3385
image_0721.png,57.0326,119.8112,39.4818,383.0698
image_0722.png,58.2038,136.4992,75.132,382.1087
image_0723.png,54.8774,140.078,26.3187,369.3288
image_0724.png,62.4861,140.7464,64.4919,367.0247
image_0725.png,59.8921,140.8383,29.8159,373.2299
image_0726.png,55.2631,121.2245,83.0849,381.64
image_0727.png,60.4233,121.8991,37.4261,382.3557
image_0728.png,60.395,139.1342,79.2774,382.1349
image_0729.png,57.2685,139.2985,32.3313,382.4396
image_0730.png,56.5241,134.2445,74.1396,382.1954
image_0731.png,49.0214,143.059,36.4596,382.9221
image_0732.png,52.7601,138.9275,77.2533,378.5637
image_0733.png,61.1025,140.1258,31.8896,379.0075
image_0734.png,55.7554,149.7685,76.9831,372.4873
image_0735.png,51.6424,144.8301,29.2869,372.4045
image_0736.png,58.1059,147.7508,79.2912,378.23
image_0737.png,53.5284,150.2555,31.559,377.8747
image_0738.png,58.7434,157.8804,83.0195,382.6415
image_0739.png,51.4103,157.3219,27.4141,382.4117
image_0740.png,54.6995,121.8973,79.2883,382.7274
image_0741.png,62.0191,112.8287,31.3951,378.9499
image_0742.png,59.2796,123.6974,84.2095,381.1593
image_0743.png,57.7217,118.385,34.875,377.839
image_0744.png,56.5468,135.5233,77.4961,379.8286
image_0745.png,59.3753,125.2734,33.9014,367.2574
image_0746.png,48.7264,138.4712,83.6062,382.6862
image_0747.png,59.1644,120.1287,35.3422,380.7679
image_0748.png,57.1542,155.8139,78.4178,379.6809
image_0749.png,55.4172,145.6553,21.6314,379.7574
image_0750.png,56.9023,148.8701,80.246,382.4788
image_0751.png,56.3748,146.8685,23.1762,381.0296
image_0752.png,58.8904,144.8014,78.6975,378.5815
image_0753.png,49.38,147.5378,32.8095,381.7275
image_0754.png,51.8411,133.2633,64.5413,347.1437
image_0755.png,58.7726,134.8566,45.8538,363.2707
image_0756.png,56.3216,123.6911,76.2997,368.8468
image_0757.png,56.2573,133.3682,25.7622,379.228
image_0758.png,58.4882,136.534,77.8492,380.6676
image_0759.png,59.8849,131.0972,30.8752,380.6343
image_0760.png,50.8461,139.1782,77.1792,382.2386
image_0761.png,56.8779,141.6936,17.5577,380.0598
image_0762.png,56.5912,125.5402,80.1072,383.2375
image_0763.png,61.6248,124.9983,29.5367,382.6315
image_0764.png,63.7211,148.5288,89.8502,384.5127
image_0765.png,47.5598,149.0327,24.5652,378.6451
image_0766.png,55.5139,114.9886,78.0089,382.053
image_0767.png,63.0961,107.5259,29.4436,378.1972
image_0768.png,58.052,136.1554,71.756,367.9849
image_0769.png,58.925,138.9433,31.5129,381.4317
image_0770.png,58.1388,134.9929,73.5254,369.4613
image_0771.png,61.4976,142.9796,32.6645,380.7326
image_0772.png,53.3022,121.4177,74.6933,381.7646
image_0773.png,59.853,129.1162,25.0108,381.0713
image_0774.png,58.1223,149.0323,88.8045,383.6073
image_0775.png,57.1115,151.0144,34.3123,383.0438
image_0776.png,51.7886,149.9827,82.7536,382.6768
image_0777.png,55.8727,151.7259,30.1322,382.0736
image_0778.png,49.8323,94.7958,84.822,383.0502
image_0779.png,61.3032,119.7074,27.8075,383.0623
image_0780.png,51.2855,146.5582,81.2304,383.2868
image_0781.png,57.145,153.4092,34.5219,383.1234
image_0782.png,63.3974,152.8698,76.9307,382.8924
image_0783.png,64.0121,146.5341,34.8009,379.7022
image_0784.png,54.3117,122.5276,73.2957,366.3895
image_0785.png,60.0277,128.4591,37.3629,366.9557
image_0786.png,50.9832,123.5986,77.8875,372.478
image_0787.png,61.8444,124.0413,37.2411,365.8353
image_0788.png,59.9846,123.4374,79.0884,380.3109
image_0789.png,54.07,120.7641,38.3575,381.2515
image_0790.png,58.1571,146.3321,77.2452,370.8957
image_0791.png,60.6615,149.532,38.8875,365.7787
image_0792.png,54.59,121.359,74.3802,382.1611
image_0793.png,63.8458,117.1396,31.0964,382.771
image_0794.png,63.436,159.6926,79.4486,381.8042
image_0795.png,58.4921,173.1643,31.685,381.9641
image_0796.png,57.7884,152.1617,80.1565,380.5845
image_0797.png,62.9118,150.7425,30.9812,376.8197
image_0798.png,56.1741,142.5908,73.9397,383.4509
image_0799.png,59.9715,144.2689,33.9645,382.6313
image_0800.png,59.7442,122.012,80.8424,381.8287
image_0801.png,59.9688,119.4926,29.8764,378.6799
image_0802.png,64.7862,149.8831,76.3444,382.3931
image_0803.png,62.192,155.606,36.6441,382.3974
image_0804.png,53.5038,144.4221,81.7737,372.854
image_0805.png,49.4434,145.1001,27.8482,381.7633
image_0806.png,55.8746,143.1533,82.4439,379.7287
image_0807.png,52.4981,146.827,34.0014,381.1271
image_0808.png,53.5028,152.5524,77.1797,383.9015
image_0809.png,58.4525,157.5061,30.6954,382.6864
image_0810.png,51.5742,151.5602,77.3389,383.9153
image_0811.png,59.4882,154.5542,31.2102,382.7273
image_0812.png,56.5054,135.5764,79.3042,379.9699
image_0813.png,64.275,138.8165,28.2024,380.6521
image_0814.png,53.8561,137.7034,73.9153,379.8927
image_0815.png,57.097,137.5527,35.5024,372.1654
image_0816.png,56.4782,155.7765,80.7614,367.3061
image_0817.png,75.213,121.3531,26.9954,351.4705
image_0818.png,65.5134,159.687,82.2009,381.9443
image_0819.png,49.9926,153.6818,25.4502,382.4249
image_0820.png,61.1807,137.5424,79.4636,383.0653
image_0821.png,52.9244,144.7476,31.8071,382.2455
image_0822.png,54.0825,120.0064,79.0284,382.7857
image_0823.png,60.5447,115.2664,35.5258,380.1728
image_0824.png,58.8887,131.7364,80.0217,381.7058
image_0825.png,57.1603,138.9809,14.9,376.8921
image_0826.png,43.9875,143.0997,79.6249,381.8615
image_0827.png,49.3768,143.2393,32.1798,381.29
image_0828.png,54.672,130.8629,73.55,361.3315
image_0829.png,61.8424,126.6592,39.1025,381.9489
image_0830.png,54.0006,137.4276,92.618,377.9973
image_0831.png,54.8654,137.0137,35.6837,382.3457
image_0832.png,58.7234,132.419,83.4574,382.7478
image_0833.png,60.0921,127.4633,38.5948,380.3343
image_0834.png,56.185,149.5058,82.0425,382.0404
image_0835.png,57.4472,149.5954,32.6963,383.1238
image_0836.png,60.2922,137.7689,75.2937,381.8671
image_0837.png,55.3949,137.6261,32.8972,383.2945
image_0838.png,58.9665,121.8461,82.399,380.0659
image_0839.png,55.6499,119.9307,34.2819,375.5679
image_0840.png,49.745,151.0109,73.3891,368.7723
image_0841.png,59.2871,156.0321,32.8427,370.5466
image_0842.png,53.0614,122.8918,75.2516,382.7937
image_0843.png,62.3459,126.2501,38.1475,382.7189
image_0844.png,53.7919,126.7769,77.3477,381.8957
image_0845.png,61.2169,127.288,29.6108,382.5146
image_0846.png,53.0123,126.2951,74.031,368.611
image_0847.png,61.4063,122.4904,24.2,365.9573
image_0848.png,41.8975,84.7582,83.0823,383.8347
image_0849.png,53.6544,91.6937,30.7576,382.944
image_0850.png,42.941,148.9953,76.3763,383.8869
image_0851.png,58.3626,146.8236,33.7309,383.0835
image_0852.png,61.9265,116.587,69.106,367.0375
image_0853.png,51.5072,116.4721,36.7851,368.053
image_0854.png,64.1666,149.152,86.0165,383.3095
image_0855.png,55.2834,141.2706,31.6985,382.3468
image_0856.png,39.0221,139.5938,77.0002,382.2704
image_0857.png,57.5315,141.7328,33.6491,382.7554
image_0858.png,65.2893,146.2238,56.8665,358.3511
image_0859.png,58.2691,144.0523,45.9678,351.5086
image_0860.png,55.8292,144.5028,85.4045,381.8863
image_0861.png,65.076,148.4014,33.3545,371.1462
image_0862.png,59.5185,148.0444,83.0726,379.9682
image_0863.png,57.6366,139.035,23.5641,380.1499
image_0864.png,54.2551,117.6604,73.7672,382.4197
image_0865.png,50.9064,94.5714,32.3594,375.6725
image_0866.png,58.1367,113.365,71.0301,376.6986
image_0867.png,59.3223,119.7606,22.6026,378.4536
image_0868.png,57.7655,121.244,73.452,381.7257
image_0869.png,55.1313,117.3515,36.5296,382.7582
image_0870.png,57.8122,124.1119,90.3516,378.3684
image_0871.png,63.299,124.3266,15.7189,379.7771
image_0872.png,59.3292,141.2158,80.1058,383.0551
image_0873.png,56.5841,138.9096,29.0005,381.9814
image_0874.png,55.6198,134.1835,76.0583,367.0562
image_0875.png,59.9795,131.6722,34.5208,368.0738
image_0876.png,51.5516,127.5099,85.0969,373.8706
image_0877.png,62.3321,125.667,30.0888,369.3608
image_0878.png,50.1687,95.8166,82.903,382.2242
image_0879.png,53.3631,97.5761,29.2155,381.8392
image_0880.png,55.1372,130.3561,71.1475,381.2533
image_0881.png,61.0881,130.5174,39.8248,379.3776
image_0882.png,58.8355,139.2597,79.2626,381.2092
image_0883.png,46.1682,140.6984,24.7115,381.6637
image_0884.png,62.219,145.1411,83.0661,383.3732
image_0885.png,56.1946,140.2494,26.8761,381.6719
image_0886.png,53.8791,154.291,77.6933,382.9802
image_0887.png,50.6016,149.7941,29.7477,382.0614
image_0888.png,58.8358,121.388,81.4907,381.3993
image_0889.png,62.2029,123.3953,33.8029,380.0561
image_0890.png,55.3755,125.2925,76.8147,376.1812
image_0891.png,58.4661,121.5545,32.9098,371.319
image_0892.png,52.1297,103.0503,71.0375,371.9601
image_0893.png,54.2138,103.0343,31.1509,378.2122
image_0894.png,49.6545,131.887,73.7401,364.6576
image_0895.png,59.9123,137.4847,31.7341,368.6665
image_0896.png,64.3363,138.696,81.2882,381.6967
image_0897.png,53.7541,143.5657,27.6958,382.1068
image_0898.png,50.6365,127.5051,81.9436,383.2307
image_0899.png,61.8766,131.863,27.6429,381.7671
image_0900.png,59.1619,157.066,80.1666,380.8749
image_0901.png,55.166,160.6114,20.9746,381.8798
image_0902.png,60.7769,144.2889,81.3157,378.7305
image_0903.png,54.6639,150.1818,26.2427,382.4249
image_0904.png,54.7711,91.137,81.0753,383.4988
image_0905.png,54.4606,91.0419,31.2727,383.3306
image_0906.png,54.4216,97.1451,80.8754,381.1452
image_0907.png,50.5361,99.7997,27.3715,381.0642
image_0908.png,59.0731,140.4097,78.5658,383.71
image_0909.png,56.1965,137.4181,37.4006,381.3344
image_0910.png,64.7211,146.3817,73.6241,368.4306
image_0911.png,62.6533,149.934,36.6597,367.2385
image_0912.png,47.3296,119.5385,77.5483,377.7998
image_0913.png,62.7636,122.5626,35.7624,367.5402
image_0914.png,56.4308,126.868,74.6035,383.175
image_0915.png,59.6986,135.6117,23.0149,381.1788
image_0916.png,54.7102,119.3274,77.1196,379.2841
image_0917.png,59.898,120.2054,33.6894,381.6154
image_0918.png,57.0127,147.6579,83.0115,382.4153
image_0919.png,53.6301,148.3416,35.6078,382.606
image_0920.png,59.421,165.6369,84.0406,383.2453
image_0921.png,56.6097,149.925,31.4093,377.0991
image_0922.png,53.8373,125.8358,76.1792,382.9793
image_0923.png,65.6242,124.0669,33.2293,374.4352
image_0924.png,49.2008,137.8998,71.5948,382.1893
image_0925.png,61.1616,140.3875,32.7783,369.2119
image_0926.png,58.3992,126.41,74.6467,381.0342
image_0927.png,61.9127,129.898,33.5208,381.9719
image_0928.png,49.6206,137.7187,71.533,382.4021
image_0929.png,61.785,149.9685,32.6685,375.5742
image_0930.png,58.2221,136.3686,84.1269,367.8545
image_0931.png,55.8836,146.9619,24.7486,380.6335
image_0932.png,47.6332,143.7775,82.6028,374.3096
image_0933.png,61.142,149.5534,29.4118,368.1457
image_0934.png,57.6048,131.1734,78.3352,381.6204
image_0935.png,64.6343,123.1704,34.1716,367.9058
image_0936.png,57.6454,133.1626,79.2771,367.7209
image_0937.png,59.8161,128.3555,39.3893,365.9546
image_0938.png,56.4893,138.3865,85.9503,380.2513
image_0939.png,59.8463,140.7392,32.5935,363.3567
image_0940.png,59.0131,148.3899,73.8183,367.6302
image_0941.png,60.6392,155.8679,34.3495,367.2582
image_0942.png,53.1675,143.9723,81.8692,381.1243
image_0943.png,65.4457,154.5615,32.8443,381.6247
image_0944.png,55.7943,95.8819,78.5074,382.1112
image_0945.png,50.6164,134.1207,85.1145,372.2011
image_0946.png,64.387,130.2685,37.0668,382.4512
image_0947.png,55.8788,119.3254,82.3217,383.0162
image_0948.png,58.5809,125.7865,32.7678,382.9027
image_0949.png,53.9067,122.5603,76.2855,382.9507
image_0950.png,59.4501,130.226,33.4082,382.1668
image_0951.png,52.1042,147.1268,77.1363,382.9994
image_0952.png,43.2274,143.131,24.8636,382.432
image_0953.png,53.0638,147.0974,76.7664,383.2993
image_0954.png,41.9248,141.9386,23.9783,382.1834
image_0955.png,59.4315,153.9091,75.5492,366.6217
image_0956.png,54.0223,163.5775,27.6201,381.9033
image_0957.png,54.308,139.6517,68.1937,351.892
image_0958.png,57.4524,144.3618,45.6719,362.8875
image_0959.png,55.9959,137.8076,82.0194,382.623
image_0960.png,59.7974,139.2557,29.8515,369.6825
image_0961.png,54.2036,130.5498,80.5897,383.1507
image_0962.png,57.5346,121.0876,28.9915,382.8153
image_0963.png,55.7594,118.1987,82.8757,383.0539
image_0964.png,62.4317,113.085,27.3745,381.3886
image_0965.png,54.9897,128.5246,85.9235,383.0719
image_0966.png,59.0569,122.0981,30.0553,380.1064
image_0967.png,52.3681,145.7918,82.0852,381.4526
image_0968.png,64.8755,153.8908,33.3965,381.8771
image_0969.png,59.4668,122.1427,82.2665,367.011
image_0970.png,51.752,112.1418,20.2692,380.7412
image_0971.png,55.267,147.6004,76.9569,383.5538
image_0972.png,43.3469,140.9992,23.5968,381.9037
image_0973.png,61.2333,156.1979,81.0569,380.5562
image_0974.png,60.2576,154.0413,31.9401,373.571
image_0975.png,60.3083,140.4009,79.4545,382.5575
image_0976.png,59.8357,138.6075,20.5364,381.233
image_0977.png,54.7464,144.4236,76.7245,365.2603
image_0978.png,64.6627,156.4124,30.3049,382.0404
image_0979.png,58.2435,169.8079,74.7256,383.2665
image_0980.png,58.0641,138.245,24.2497,363.2993
image_0981.png,51.4689,133.6978,72.8323,382.7083
image_0982.png,60.957,111.5499,42.7583,377.0881
image_0983.png,59.3405,152.107,77.6254,379.9293
image_0984.png,46.6264,154.6455,32.4508,366.7973
image_0985.png,54.8053,133.7384,84.0241,382.7191
image_0986.png,57.2509,128.6105,26.6024,379.5502
image_0987.png,55.0136,134.2951,73.705,368.8124
image_0988.png,59.5212,137.5383,28.7951,379.0565
image_0989.png,52.2678,131.0818,75.8252,382.1343
image_0990.png,62.9639,127.1036,27.4177,380.5226
image_0991.png,56.7825,154.1756,88.592,377.0546
image_0992.png,57.9285,155.2187,33.2436,380.1475
image_0993.png,56.6851,134.4048,79.0246,382.1481
image_0994.png,59.1323,133.4609,28.5796,381.0147
image_0995.png,54.1074,125.9806,78.1397,375.618
image_0996.png,60.1573,120.5693,39.0998,362.0266
image_0997.png,56.6851,134.4048,79.0246,382.1481
image_0998.png,59.1323,133.4609,28.5796,381.0147
image_0999.png,58.7979,120.4937,76.1049,380.9322
image_1000.png,60.066,120.7972,36.3968,381.2558
